,Party,Parliament Constituency,Winning Candidate,Total Votes,Margin
0,Aam Aadmi Party,Hoshiarpur,DR. RAJ KUMAR CHABBEWAL,303859,44111
1,Aam Aadmi Party,Anandpur Sahib,MALVINDER SINGH KANG,313217,10846
2,Aam Aadmi Party,Sangrur,GURMEET SINGH MEET HAYER,364085,172560
3,Asom Gana Parishad,Barpeta,PHANI BHUSAN CHOUDHURY,860113,222351
4,All India Majlis-E-Ittehadul Muslimeen,Hyderabad,ASADUDDIN OWAISI,661981,338087
5,All India Trinamool Congress,Coochbehar,JAGADISH CHANDRA BARMA BASUNIA,788375,39250
6,All India Trinamool Congress,Jangipur,KHALILUR RAHAMAN,544427,116637
7,All India Trinamool Congress,Baharampur,PATHAN YUSUF,524516,85022
8,All India Trinamool Congress,Murshidabad,ABU TAHER KHAN,682442,164215
9,All India Trinamool Congress,Krishnanagar,MAHUA MOITRA,628789,56705
10,All India Trinamool Congress,Barrackpur,PARTHA BHOWMICK,520231,64438
11,All India Trinamool Congress,Dum dum,SOUGATA RAY,528579,70660
12,All India Trinamool Congress,Barasat,KAKOLI GHOSH DASTIDAR,692010,114189
13,All India Trinamool Congress,Basirhat,SK NURUL ISLAM,803762,333547
14,All India Trinamool Congress,Joynagar,PRATIMA MONDAL,894312,470219
15,All India Trinamool Congress,Mathurapur,BAPI HALDAR,755731,201057
16,All India Trinamool Congress,Diamond harbour,ABHISHEK BANERJEE,1048230,710930
17,All India Trinamool Congress,Jadavpur,SAYANI GHOSH,717899,258201
18,All India Trinamool Congress,Kolkata Dakshin,MALA ROY,615274,187231
19,All India Trinamool Congress,Kolkata Uttar,BANDYOPADHYAY SUDIP,454696,92560
20,All India Trinamool Congress,Howrah,PRASUN BANERJEE,626493,169442
21,All India Trinamool Congress,Uluberia,SAJDA AHMED,724622,218673
22,All India Trinamool Congress,Srerampur,KALYAN BANERJEE,673970,174830
23,All India Trinamool Congress,Hooghly,RACHNA BANERJEE,702744,76853
24,All India Trinamool Congress,Arambagh,BAG MITALI,712587,6399
25,All India Trinamool Congress,Ghatal,ADHIKARI DEEPAK (DEV),837990,182868
26,All India Trinamool Congress,Jhargram,KALIPADA SAREN (KHERWAL),743478,174048
27,All India Trinamool Congress,Medinipur,JUNE MALIAH,702192,27191
28,All India Trinamool Congress,Bankura,ARUP CHAKRABORTY,641813,32778
29,All India Trinamool Congress,Bardhaman Purba,DR. SHARMILA SARKAR,720302,160572
30,All India Trinamool Congress,Bardhaman-Durgapur,AZAD KIRTI JHA,720667,137981
31,All India Trinamool Congress,Asansol,SHATRUGHAN PRASAD SINHA,605645,59564
32,All India Trinamool Congress,Bolpur,ASIT KUMAR MAL,855633,327253
33,All India Trinamool Congress,Birbhum,SATABDI ROY,717961,197650
34,AJSU Party,Giridih,CHANDRA PRAKASH CHOUDHARY,451139,80880
35,Bharatiya Janata Party,Anakapalle,C.M.RAMESH,762069,296530
36,Bharatiya Janata Party,Rajahmundry,DAGGUBATI PURANDHESHWARI,726515,239139
37,Bharatiya Janata Party,Narsapuram,BHUPATHI RAJU SRINIVASA VARMA (B.J.P.VARMA),707343,276802
38,Bharatiya Janata Party,Arunachal West,KIREN RIJIJU,205417,100738
39,Bharatiya Janata Party,Arunachal East,TAPIR GAO,145581,30421
40,Bharatiya Janata Party,Darrang-Udalguri,DILIP SAIKIA,868387,329012
41,Bharatiya Janata Party,Guwahati,BIJULI KALITA MEDHI,894887,251090
42,Bharatiya Janata Party,Diphu,AMARSING TISSO,334620,147603
43,Bharatiya Janata Party,Karimganj,KRIPANATH MALLAH,545093,18360
44,Bharatiya Janata Party,Silchar ,PARIMAL SUKLABAIDYA,652405,264311
45,Bharatiya Janata Party,Kaziranga,KAMAKHYA PRASAD TASA,897043,248947
46,Bharatiya Janata Party,Sonitpur,RANJIT DUTTA,775788,361408
47,Bharatiya Janata Party,Lakhimpur,PRADAN BARUAH,663122,201257
48,Bharatiya Janata Party,Dibrugarh,SARBANANDA SONOWAL,693762,279321
49,Bharatiya Janata Party,Paschim Champaran,DR.SANJAY JAISWAL,580421,136568
50,Bharatiya Janata Party,Purvi Champaran,RADHA MOHAN SINGH,542193,88287
51,Bharatiya Janata Party,Madhubani,ASHOK KUMAR YADAV,553428,151945
52,Bharatiya Janata Party,Araria,PRADEEP KUMAR SINGH,600146,20094
53,Bharatiya Janata Party,Darbhanga,GOPAL JEE THAKUR,566630,178156
54,Bharatiya Janata Party,Muzaffarpur,RAJ BHUSHAN CHOUDHARY,619749,234927
55,Bharatiya Janata Party,Maharajganj,"JANARDAN SINGH ""SIGRIWAL""",529533,102651
56,Bharatiya Janata Party,Saran,RAJIV PRATAP RUDY,471752,13661
57,Bharatiya Janata Party,Ujiarpur,NITYANAND RAI,515965,60102
58,Bharatiya Janata Party,Begusarai,GIRIRAJ SINGH,649331,81480
59,Bharatiya Janata Party,Patna Sahib,RAVI SHANKAR PRASAD,588270,153846
60,Bharatiya Janata Party,Nawada,VIVEK THAKUR,410608,67670
61,Bharatiya Janata Party,North Goa,SHRIPAD YESSO NAIK,257326,116015
62,Bharatiya Janata Party,Kachchh,CHAVDA VINOD LAKHAMSHI,659574,268782
63,Bharatiya Janata Party,Patan,DABHI  BHARATSINHJI  SHANKARJI,591947,31876
64,Bharatiya Janata Party,Mahesana,HARIBHAI PATEL,686406,328046
65,Bharatiya Janata Party,Sabarkantha,SHOBHANABEN MAHENDRASINH BARAIYA,677318,155682
66,Bharatiya Janata Party,Gandhinagar,AMIT SHAH,1010972,744716
67,Bharatiya Janata Party,Ahmedabad East,HASMUKHBHAI PATEL (H.S.PATEL),770459,461755
68,Bharatiya Janata Party,Ahmedabad West,DINESHBHAI MAKWANA (ADVOCATE),611704,286437
69,Bharatiya Janata Party,Surendranagar,CHANDUBHAI CHHAGANBHAI SHIHORA,669749,261617
70,Bharatiya Janata Party,Rajkot,PARSHOTTAMBHAI RUPALA,857984,484260
71,Bharatiya Janata Party,Porbandar,DR. MANSUKH MANDAVIYA,633118,383360
72,Bharatiya Janata Party,Jamnagar,POONAMBEN HEMATBHAI MAADAM,620049,238008
73,Bharatiya Janata Party,Junagadh,CHUDASAMA RAJESHBHAI NARANBHAI,584049,135494
74,Bharatiya Janata Party,Amreli,BHARATBHAI MANUBHAI SUTARIYA,580872,321068
75,Bharatiya Janata Party,Bhavnagar,NIMUBEN JAYANTIBHAI BAMBHANIYA (NIMUBEN BAMBHANIYA),716883,455289
76,Bharatiya Janata Party,Anand,MITESH PATEL (BAKABHAI),612484,89939
77,Bharatiya Janata Party,Kheda,DEVUSINH CHAUHAN,744435,357758
78,Bharatiya Janata Party,Panchmahal,RAJPALSINH MAHENDRASINH JADAV,794579,509342
79,Bharatiya Janata Party,Dahod,JASWANTSINH SUMANBHAI BHABHOR,688715,333677
80,Bharatiya Janata Party,Vadodara,DR. HEMANG JOSHI,873189,582126
81,Bharatiya Janata Party,Chhota Udaipur,JASHUBHAI BHILUBHAI RATHVA,796589,398777
82,Bharatiya Janata Party,Bharuch,MANSUKHBHAI DHANJIBHAI VASAVA,608157,85696
83,Bharatiya Janata Party,Bardoli,PARBHUBHAI NAGARBHAI VASAVA,763950,230253
84,Bharatiya Janata Party,Surat,MUKESHKUMAR CHANDRAKAANT DALAL (Uncontested),-,-
85,Bharatiya Janata Party,Navsari,C R PATIL,1031065,773551
86,Bharatiya Janata Party,Valsad,DHAVAL LAXMANBHAI PATEL,764226,210704
87,Bharatiya Janata Party,KURUKSHETRA,NAVEEN JINDAL,542175,29021
88,Bharatiya Janata Party,KARNAL,MANOHAR LAL,739285,232577
89,Bharatiya Janata Party,BHIWANI-MAHENDRAGARH,DHARAMBIR SINGH,588664,41510
90,Bharatiya Janata Party,GURGAON,RAO INDERJIT SINGH,808336,75079
91,Bharatiya Janata Party,FARIDABAD,KRISHAN PAL,788569,172914
92,Bharatiya Janata Party,KANGRA,DR RAJEEV BHARDWAJ,632793,251895
93,Bharatiya Janata Party,MANDI,KANGNA RANAUT,537022,74755
94,Bharatiya Janata Party,HAMIRPUR,ANURAG SINGH THAKUR,607068,182357
95,Bharatiya Janata Party,SHIMLA,Suresh Kumar Kashyap,519748,91451
96,Bharatiya Janata Party,Belgaum,JAGADISH SHETTAR,762029,178437
97,Bharatiya Janata Party,Bagalkot,GADDIGOUDAR. PARVATAGOUDA. CHANDANAGOUDA.,671039,68399
98,Bharatiya Janata Party,Bijapur,RAMESH JIGAJINAGI,672781,77229
99,Bharatiya Janata Party,Haveri,BASAVARAJ BOMMAI,705538,43513
100,Bharatiya Janata Party,Dharwad,PRALHAD JOSHI,716231,97324
101,Bharatiya Janata Party,Uttara Kannada,VISHWESHWAR HEGDE KAGERI,782495,337428
102,Bharatiya Janata Party,Shimoga,B.Y.RAGHAVENDRA,778721,243715
103,Bharatiya Janata Party,Udupi Chikmagalur,KOTA SRINIVAS POOJARY,732234,259175
104,Bharatiya Janata Party,Dakshina Kannada,CAPTAIN BRIJESH CHOWTA,764132,149208
105,Bharatiya Janata Party,Chitradurga,GOVIND MAKTHAPPA KARJOL,684890,48121
106,Bharatiya Janata Party,Tumkur,V. SOMANNA,720946,175594
107,Bharatiya Janata Party,Mysore,YADUVEER KRISHNADATTA CHAMARAJA WADIYAR,795503,139262
108,Bharatiya Janata Party,Bangalore Rural,DR C N MANJUNATH,1079002,269647
109,Bharatiya Janata Party,Bangalore North,SHOBHA KARANDLAJE,986049,259476
110,Bharatiya Janata Party,Bangalore central,P C MOHAN,658915,32707
111,Bharatiya Janata Party,Bangalore South,TEJASVI SURYA,750830,277083
112,Bharatiya Janata Party,Chikkballapur,DR.K.SUDHAKAR,822619,163460
113,Bharatiya Janata Party,Thrissur,SURESH GOPI,412338,74686
114,Bharatiya Janata Party,MORENA,SHIVMANGAL SINGH TOMAR,515477,52530
115,Bharatiya Janata Party,BHIND,SANDHYA RAY,537065,64840
116,Bharatiya Janata Party,GWALIOR,BHARAT SINGH KUSHWAH,671535,70210
117,Bharatiya Janata Party,GUNA,JYOTIRADITYA M. SCINDIA,923302,540929
118,Bharatiya Janata Party,SAGAR,DR. LATA WANKHEDE,787979,471222
119,Bharatiya Janata Party,TIKAMGARH,DR. VIRENDRA KUMAR,715050,403312
120,Bharatiya Janata Party,DAMOH,RAHUL SINGH LODHI,709768,406426
121,Bharatiya Janata Party,KHAJURAHO,VISHNU DATT SHARMA (V.D.SHARMA),772774,541229
122,Bharatiya Janata Party,SATNA,GANESH SINGH,459728,84949
123,Bharatiya Janata Party,REWA,JANARDAN MISHRA,477459,193374
124,Bharatiya Janata Party,SIDHI,DR. RAJESH MISHRA,583559,206416
125,Bharatiya Janata Party,SHAHDOL,SMT. HIMADRI SINGH,711143,397340
126,Bharatiya Janata Party,JABALPUR,ASHISH DUBEY,790133,486674
127,Bharatiya Janata Party,MANDLA,FAGGAN SINGH KULASTE,751375,103846
128,Bharatiya Janata Party,BALAGHAT,BHARTI PARDHI,712660,174512
129,Bharatiya Janata Party,CHHINDWARA,BUNTY VIVEK SAHU,644738,113618
130,Bharatiya Janata Party,HOSHANGABAD,DARSHAN SINGH CHOUDHARY,812147,431696
131,Bharatiya Janata Party,VIDISHA,SHIVRAJ SINGH CHOUHAN,1116460,821408
132,Bharatiya Janata Party,BHOPAL,ALOK SHARMA,981109,501499
133,Bharatiya Janata Party,RAJGARH,RODMAL NAGAR,758743,146089
134,Bharatiya Janata Party,DEWAS,MAHENDRA SINGH SOLANKY,928941,425225
135,Bharatiya Janata Party,UJJAIN,ANIL FIROJIYA,836104,375860
136,Bharatiya Janata Party,MANDSOUR,SUDHEER GUPTA,945761,500655
137,Bharatiya Janata Party,RATLAM,ANITA NAGARSINGH CHOUHAN,795863,207232
138,Bharatiya Janata Party,DHAR,SAVITRI THAKUR,794449,218665
139,Bharatiya Janata Party,INDORE,SHANKAR LALWANI,1226751,1175092
140,Bharatiya Janata Party,KHARGONE,GAJENDRA SINGH PATEL,819863,135018
141,Bharatiya Janata Party,KHANDWA,GYANESHWAR PATIL,862679,269971
142,Bharatiya Janata Party,BETUL,DURGADAS (D. D.) UIKEY,848236,379761
143,Bharatiya Janata Party,Jalgaon,SMITA UDAY WAGH,674428,251594
144,Bharatiya Janata Party,Raver,KHADSE RAKSHA NIKHIL,630879,272183
145,Bharatiya Janata Party,Akola,ANUP SANJAY DHOTRE,457030,40626
146,Bharatiya Janata Party,Nagpur,NITIN JAIRAM GADKARI,655027,137603
147,Bharatiya Janata Party,Palghar,DR. HEMANT VISHNU SAVARA,601244,183306
148,Bharatiya Janata Party,Mumbai North,PIYUSH GOYAL,680146,357608
149,Bharatiya Janata Party,Pune,MURLIDHAR MOHOL,584728,123038
150,Bharatiya Janata Party,Satara,SHRIMANT CHH UDAYANRAJE PRATAPSINHAMAHARAJ BHONSLE,571134,32771
151,Bharatiya Janata Party,Ratnagiri- Sindhudurg,NARAYAN TATU RANE,448514,47858
152,Bharatiya Janata Party,Bargarh,PRADEEP PUROHIT,716359,251667
153,Bharatiya Janata Party,Sundargarh,JUAL ORAM,494282,138808
154,Bharatiya Janata Party,Sambalpur,DHARMENDRA PRADHAN,592162,119836
155,Bharatiya Janata Party,Keonjhar,ANANTA NAYAK,573923,97042
156,Bharatiya Janata Party,Mayurbhanj,NABA CHARAN MAJHI,585971,219334
157,Bharatiya Janata Party,Balasore,PRATAP CHANDRA SARANGI,563865,147156
158,Bharatiya Janata Party,Bhadrak,AVIMANYU SETHI,573319,91544
159,Bharatiya Janata Party,Jajpur,RABINDRA NARAYAN BEHERA,534239,1587
160,Bharatiya Janata Party,Dhenkanal,RUDRA NARAYAN PANY,598721,76567
161,Bharatiya Janata Party,Bolangir,SANGEETA KUMARI SINGH DEO,617744,132664
162,Bharatiya Janata Party,Kalahandi,MALVIKA DEVI,544303,133813
163,Bharatiya Janata Party,Nabarangpur,BALABHADRA MAJHI,481396,87536
164,Bharatiya Janata Party,Kandhamal,SUKANTA KUMAR PANIGRAHI,416415,21371
165,Bharatiya Janata Party,Cuttack,BHARTRUHARI MAHTAB,531601,57077
166,Bharatiya Janata Party,Kendrapara,BAIJAYANT PANDA,615705,66536
167,Bharatiya Janata Party,Jagatsinghpur,BIBHU PRASAD TARAI,589093,40696
168,Bharatiya Janata Party,Puri,SAMBIT PATRA,629330,104709
169,Bharatiya Janata Party,Bhubaneswar,APARAJITA SARANGI,512519,35152
170,Bharatiya Janata Party,Aska,ANITA SUBHADARSHINI,494226,99974
171,Bharatiya Janata Party,Berhampur,DR. PRADEEP KUMAR PANIGRAHY,513102,165476
172,Bharatiya Janata Party,BIKANER ,ARJUN RAM MEGHWAL,566737,55711
173,Bharatiya Janata Party,JAIPUR RURAL,RAO RAJENDRA SINGH,617877,1615
174,Bharatiya Janata Party,JAIPUR,MANJU SHARMA,886850,331767
175,Bharatiya Janata Party,ALWAR,BHUPENDER YADAV,631992,48282
176,Bharatiya Janata Party,AJMER ,BHAGIRATH CHOUDHARY,747462,329991
177,Bharatiya Janata Party,PALI,P. P. CHAUDHARY,757389,245351
178,Bharatiya Janata Party,JODHPUR,GAJENDRA SINGH SHEKHAWAT,730056,115677
179,Bharatiya Janata Party,JALORE ,LUMBARAM,796783,201543
180,Bharatiya Janata Party,UDAIPUR ,MANNA LAL RAWAT,738286,261608
181,Bharatiya Janata Party,CHITTORGARH,CHANDRA PRAKASH JOSHI,888202,389877
182,Bharatiya Janata Party,RAJSAMAND,MAHIMA KUMARI MEWAR,781203,392223
183,Bharatiya Janata Party,BHILWARA,DAMODAR AGARWAL,807640,354606
184,Bharatiya Janata Party,KOTA,OM BIRLA,750496,41974
185,Bharatiya Janata Party,JHALAWAR-BARAN,DUSHYANT SINGH,865376,370989
186,Bharatiya Janata Party,Tripura West,BIPLAB KUMAR DEB,881341,611578
187,Bharatiya Janata Party,Tripura East,KRITI DEVI DEBBARMAN,777447,486819
188,Bharatiya Janata Party,Amroha,KANWAR SINGH TANWAR,476506,28670
189,Bharatiya Janata Party,Meerut,ARUN GOVIL,546469,10585
190,Bharatiya Janata Party,Ghaziabad,ATUL GARG,854170,336965
191,Bharatiya Janata Party,Gautam Buddha Nagar,DR. MAHESH SHARMA,857829,559472
192,Bharatiya Janata Party,Bulandshahr,DR BHOLA SINGH,597310,275134
193,Bharatiya Janata Party,Aligarh,SATISH KUMAR GAUTAM,501834,15647
194,Bharatiya Janata Party,Hathras,ANOOP PRADHAN BALMIKI,554746,247318
195,Bharatiya Janata Party,Mathura,HEMAMALINI DHARMENDRA DEOL,510064,293407
196,Bharatiya Janata Party,Agra,PROF S P SINGH BAGHEL,599397,271294
197,Bharatiya Janata Party,Fatehpur Sikri,RAJKUMAR CHAHAR,445657,43405
198,Bharatiya Janata Party,Bareilly,CHHATRA PAL SINGH GANGWAR,567127,34804
199,Bharatiya Janata Party,Pilibhit,JITIN PRASADA,607158,164935
200,Bharatiya Janata Party,Shahjahanpur,ARUN KUMAR SAGAR,592718,55379
201,Bharatiya Janata Party,Hardoi,JAI PRAKASH,486798,27856
202,Bharatiya Janata Party,Misrikh,ASHOK KUMAR RAWAT,475016,33406
203,Bharatiya Janata Party,Unnao,SWAMI SACHCHIDANAND HARI SAKSHI,616133,35818
204,Bharatiya Janata Party,Lucknow,RAJ NATH SINGH,612709,135159
205,Bharatiya Janata Party,Farrukhabad,MUKESH RAJPUT,487963,2678
206,Bharatiya Janata Party,Kanpur,RAMESH AWASTHI,443055,20968
207,Bharatiya Janata Party,Akbarpur,DEVENDRA SINGH ALIAS BHOLE SINGH,517423,44345
208,Bharatiya Janata Party,Jhansi,ANURAG SHARMA,690316,102614
209,Bharatiya Janata Party,Phulpur,PRAVEEN PATEL,452600,4332
210,Bharatiya Janata Party,Baharaich,ANAND KUMAR,518802,64227
211,Bharatiya Janata Party,Kaiserganj,KARAN BHUSHAN SINGH,571263,148843
212,Bharatiya Janata Party,Gonda,KIRTIVARDHAN SINGH,474258,46224
213,Bharatiya Janata Party,Domariyaganj,JAGDAMBIKA PAL,463303,42728
214,Bharatiya Janata Party,Maharajganj,PANKAJ CHAUDHARY,591310,35451
215,Bharatiya Janata Party,Gorakhpur,RAVINDRA SHUKLA ALIAS RAVI KISHAN,585834,103526
216,Bharatiya Janata Party,Kushi Nagar,VIJAY KUMAR DUBAY,516345,81790
217,Bharatiya Janata Party,Deoria,SHASHANK MANI,504541,34842
218,Bharatiya Janata Party,Bansgaon,KAMLESH PASWAN,428693,3150
219,Bharatiya Janata Party,Varanasi,NARENDRA MODI,612970,152513
220,Bharatiya Janata Party,Bhadohi,DR. VINOD KUMAR BIND,459982,44072
221,Bharatiya Janata Party,Alipurduars,MANOJ TIGGA,695314,75447
222,Bharatiya Janata Party,Jalpaiguri,DR JAYANTA KUMAR ROY,766568,86693
223,Bharatiya Janata Party,Darjeeling,RAJU BISTA,679331,178525
224,Bharatiya Janata Party,Raiganj,KARTICK CHANDRA PAUL,560897,68197
225,Bharatiya Janata Party,Balurghat,SUKANTA MAJUMDAR,574996,10386
226,Bharatiya Janata Party,Maldaha Uttar,KHAGEN MURMU,527023,77708
227,Bharatiya Janata Party,Ranaghat,JAGANNATH SARKAR,782396,186899
228,Bharatiya Janata Party,Bangaon,SHANTANU THAKUR,719505,73693
229,Bharatiya Janata Party,Tamluk,ABHIJIT GANGOPADHYAY,765584,77733
230,Bharatiya Janata Party,Kanthi,ADHIKARI SOUMENDU,763195,47764
231,Bharatiya Janata Party,Purulia,JYOTIRMAY SINGH MAHATO,578489,17079
232,Bharatiya Janata Party,Bishnupur,KHAN SAUMITRA,680130,5567
233,Bharatiya Janata Party,SURGUJA,CHINTAMANI MAHARAJ,713200,64822
234,Bharatiya Janata Party,RAIGARH,RADHESHYAM RATHIYA,808275,240391
235,Bharatiya Janata Party,JANJGIR-CHAMPA,KAMLESH JANGDE,678199,60000
236,Bharatiya Janata Party,BILASPUR,TOKHAN SAHU,724937,164558
237,Bharatiya Janata Party,RAJNANDGAON,SANTOSH PANDEY,712057,44411
238,Bharatiya Janata Party,DURG,VIJAY BAGHEL,956497,438226
239,Bharatiya Janata Party,RAIPUR,BRIJMOHAN AGRAWAL,1050351,575285
240,Bharatiya Janata Party,MAHASAMUND,ROOP KUMARI CHOUDHARY,703659,145456
241,Bharatiya Janata Party,BASTAR,MAHESH KASHYAP,458398,55245
242,Bharatiya Janata Party,KANKER,BHOJRAJ NAG,597624,1884
243,Bharatiya Janata Party,Godda,NISHIKANT DUBEY,693140,101813
244,Bharatiya Janata Party,Chatra,KALI CHARAN SINGH,574556,220959
245,Bharatiya Janata Party,Kodarma,ANNPURNA DEVI,791657,377014
246,Bharatiya Janata Party,Dhanbad,DULU MAHATO,789172,331583
247,Bharatiya Janata Party,Ranchi,SANJAY SETH,664732,120512
248,Bharatiya Janata Party,Jamshedpur,BIDYUT BARAN MAHATO,726174,259782
249,Bharatiya Janata Party,Palamau,VISHNU DAYAL RAM,770362,288807
250,Bharatiya Janata Party,Hazaribagh,MANISH JAISWAL,654613,276686
251,Bharatiya Janata Party,Tehri Garhwal,MALA RAJYA LAKSHMI SHAH,462603,272493
252,Bharatiya Janata Party,Garhwal,ANIL BALUNI,432159,163503
253,Bharatiya Janata Party,Almora,AJAY TAMTA,429167,234097
254,Bharatiya Janata Party,Nainital-Udhamsingh Nagar,AJAY BHATT,772671,334548
255,Bharatiya Janata Party,Haridwar,TRIVENDRA SINGH RAWAT,653808,164056
256,Bharatiya Janata Party,Adilabad ,GODAM NAGESH,568168,90652
257,Bharatiya Janata Party,Karimnagar ,BANDI SANJAY KUMAR,585116,225209
258,Bharatiya Janata Party,Nizamabad,ARVIND DHARMAPURI,592318,109241
259,Bharatiya Janata Party,Medak,MADHAVANENI RAGHUNANDAN RAO,471217,39139
260,Bharatiya Janata Party,Malkajgiri,EATALA RAJENDER,991042,391475
261,Bharatiya Janata Party,Secunderabad,G. KISHAN REDDY,473012,49944
262,Bharatiya Janata Party,Chevella,KONDA VISHWESHWAR REDDY,809882,172897
263,Bharatiya Janata Party,Mahbubnagar,ARUNA. D. K,510747,4500
264,Bharatiya Janata Party,Andaman & Nicobar Islands,BISHNU PADA RAY,102436,24396
265,Bharatiya Janata Party,Dadar & Nagar Haveli,DELKAR KALABEN MOHANBHAI,121074,57584
266,Bharatiya Janata Party,Chandni Chowk,PRAVEEN KHANDELWAL,516496,89325
267,Bharatiya Janata Party,North-East Delhi,MANOJ TIWARI,824451,138778
268,Bharatiya Janata Party,East Delhi,HARSH MALHOTRA,664819,93663
269,Bharatiya Janata Party,New Delhi,BANSURI SWARAJ,453185,78370
270,Bharatiya Janata Party,North-West Delhi,YOGENDER CHANDOLIYA,866483,290849
271,Bharatiya Janata Party,West Delhi,KAMALJEET SEHRAWAT,842658,199013
272,Bharatiya Janata Party,South Delhi,RAMVIR SINGH BIDHURI,692832,124333
273,Bharatiya Janata Party,UDHAMPUR,DR JITENDRA SINGH,571076,124373
274,Bharatiya Janata Party,JAMMU,JUGAL KISHORE,687588,135498
275,Communist Party of India,TIRUPPUR,"SUBBARAYAN, K.",472739,125928
276,Communist Party of India,NAGAPATTINAM,SELVARAJ V,465044,208957
277,Communist Party of India  (Marxist-Leninist)  (Liberation),Arrah,SUDAMA PRASAD,529382,59808
278,Communist Party of India  (Marxist-Leninist)  (Liberation),Karakat,RAJA RAM SINGH,380581,105858
279,Communist Party of India  (Marxist),Alathur ,K.RADHAKRISHNAN,403447,20111
280,Communist Party of India  (Marxist),SIKAR,AMRARAM,659300,72896
281,Communist Party of India  (Marxist),DINDIGUL,SACHITHANANTHAM R,670149,443821
282,Communist Party of India  (Marxist),MADURAI,VENKATESAN S,430323,209409
283,Dravida Munnetra Kazhagam,CHENNAI NORTH,DR.KALANIDHI VEERASWAMY,497333,339222
284,Dravida Munnetra Kazhagam,CHENNAI SOUTH,T.SUMATHY (ALIAS) THAMIZHACHI THANGAPANDIAN,516628,225945
285,Dravida Munnetra Kazhagam,CHENNAI CENTRAL,DAYANIDHI MARAN,413848,244689
286,Dravida Munnetra Kazhagam,SRIPERUMBUDUR,T R BAALU,758611,487029
287,Dravida Munnetra Kazhagam,KANCHEEPURAM,SELVAM. G,586044,221473
288,Dravida Munnetra Kazhagam,ARAKKONAM,S JAGATHRATCHAKAN,563216,306559
289,Dravida Munnetra Kazhagam,VELLORE,DM KATHIR ANAND,568692,215702
290,Dravida Munnetra Kazhagam,DHARMAPURI,MANI. A.,432667,21300
291,Dravida Munnetra Kazhagam,TIRUVANNAMALAI,"ANNADURAI, C.N.",547379,233931
292,Dravida Munnetra Kazhagam,ARANI,THARANIVENTHAN M S,500099,208766
293,Dravida Munnetra Kazhagam,KALLAKURICHI,MALAIYARASAN D,561589,53784
294,Dravida Munnetra Kazhagam,SALEM,SELVAGANAPATHI T M,566085,70357
295,Dravida Munnetra Kazhagam,NAMAKKAL,MATHESWARAN V S,462036,29112
296,Dravida Munnetra Kazhagam,ERODE,K E PRAKASH,562339,236566
297,Dravida Munnetra Kazhagam,NILGIRIS,RAJA A,473212,240585
298,Dravida Munnetra Kazhagam,COIMBATORE,GANAPATHY RAJKUMAR P,568200,118068
299,Dravida Munnetra Kazhagam,POLLACHI,ESWARASAMY K,533377,252042
300,Dravida Munnetra Kazhagam,PERAMBALUR,ARUN NEHRU,603209,389107
301,Dravida Munnetra Kazhagam,THANJAVUR,MURASOLI S,502245,319583
302,Dravida Munnetra Kazhagam,THENI,THANGA TAMILSELVAN,571493,278825
303,Dravida Munnetra Kazhagam,THOOTHUKKUDI,KANIMOZHI KARUNANIDHI,540729,392738
304,Dravida Munnetra Kazhagam,TENKASI,DR RANI SRI KUMAR,425679,196199
305,Hindustani Awam Morcha (Secular),Gaya,JITAN RAM MANJHI,494960,101812
306,Indian National Congress,Dhubri ,RAKIBUL HUSSAIN,1471885,1012476
307,Indian National Congress,Nagaon,PRADYUT BORDOLOI,788850,212231
308,Indian National Congress,Jorhat,GAURAV GOGOI,751771,144393
309,Indian National Congress,Kishanganj,MOHAMMAD JAWED,402850,59692
310,Indian National Congress,Katihar,TARIQ ANWAR,567092,49863
311,Indian National Congress,Sasaram,MANOJ KUMAR,513004,19157
312,Indian National Congress,South Goa,CAPTAIN  VIRIATO FERNANDES,217836,13535
313,Indian National Congress,Banaskantha,GENIBEN NAGAJI THAKOR,671883,30406
314,Indian National Congress,AMBALA,VARUN CHAUDHRY,663657,49036
315,Indian National Congress,SIRSA,SELJA,733823,268497
316,Indian National Congress,HISAR,JAI PARKASH (J P) S/O HARIKESH,570424,63381
317,Indian National Congress,SONIPAT,SATPAL BRAHAMCHARI,548682,21816
318,Indian National Congress,ROHTAK,DEEPENDER SINGH HOODA,783578,345298
319,Indian National Congress,Chikkodi,PRIYANKA SATISH JARKIHOLI,713461,90834
320,Indian National Congress,Gulbarga,RADHAKRISHNA,652321,27205
321,Indian National Congress,Raichur,G. KUMAR NAIK.,670966,79781
322,Indian National Congress,Bidar,SAGAR ESHWAR KHANDRE,666317,128875
323,Indian National Congress,Koppal,K. RAJASHEKAR BASAVARAJ HITNAL,663511,46357
324,Indian National Congress,Bellary,E. TUKARAM,730845,98992
325,Indian National Congress,Davanagere,DR. PRABHA MALLIKARJUN,633059,26094
326,Indian National Congress,Hassan,SHREYAS. M. PATEL,672988,42649
327,Indian National Congress,Chamarajanagar,SUNIL BOSE,751671,188706
328,Indian National Congress,Kasaragod,RAJMOHAN UNNITHAN,490659,100649
329,Indian National Congress,Kannur,K. SUDHAKARAN,518524,108982
330,Indian National Congress,Vadakara,SHAFI PARAMBIL,557528,114506
331,Indian National Congress,Wayanad,RAHUL GANDHI,647445,364422
332,Indian National Congress,Kozhikode,M. K. RAGHAVAN,520421,146176
333,Indian National Congress,Palakkad,V K SREEKANDAN,421169,75283
334,Indian National Congress,Chalakudy,BENNY BEHANAN,394171,63754
335,Indian National Congress,Ernakulam,HIBI EDEN,482317,250385
336,Indian National Congress,Idukki,ADV. DEAN KURIAKOSE,432372,133727
337,Indian National Congress,Alappuzha,K. C VENUGOPAL,404560,63513
338,Indian National Congress,Mavelikkara ,KODIKUNNIL SURESH,369516,10868
339,Indian National Congress,Pathanamthitta,ANTO ANTONY,367623,66119
340,Indian National Congress,Attingal,ADV ADOOR PRAKASH,328051,684
341,Indian National Congress,Thiruvananthapuram,SHASHI THAROOR,358155,16077
342,Indian National Congress,Nandurbar,ADV GOWAAL KAGADA PADAVI,745998,159120
343,Indian National Congress,Dhule,BACHHAV SHOBHA DINESH,583866,3831
344,Indian National Congress,Amravati ,BALWANT BASWANT WANKHADE,526271,19731
345,Indian National Congress,Ramtek ,Shyamkumar (Babalu) Daulat Barve,613025,76768
346,Indian National Congress,Bhandara Gondiya,DR. PRASHANT YADAORAO PADOLE,587413,37380
347,Indian National Congress,Gadchiroli - Chimur,DR. KIRSAN NAMDEO,617792,141696
348,Indian National Congress,Chandrapur,DHANORKAR PRATIBHA SURESH ALIAS BALUBHAU,718410,260406
349,Indian National Congress,Nanded,CHAVAN VASANTRAO BALWANTRAO,528894,59442
350,Indian National Congress,Jalna,KALYAN VAIJINATHRAO KALE,607897,109958
351,Indian National Congress,Mumbai North Central,GAIKWAD VARSHA EKNATH,445545,16514
352,Indian National Congress,Latur ,DR. KALGE SHIVAJI BANDAPPA,609021,61881
353,Indian National Congress,Solapur,PRANITI SUSHILKUMAR SHINDE,620225,74197
354,Indian National Congress,Kolhapur,CHHATRAPATI SHAHU SHAHAJI,754522,154964
355,Indian National Congress,Inner Manipur,ANGOMCHA BIMOL AKOIJAM,374017,109801
356,Indian National Congress,Outer Manipur,ALFRED KANNGAM S ARTHUR,384954,85418
357,Indian National Congress,Tura,SALENG A SANGMA,383919,155241
358,Indian National Congress,Nagaland,S SUPONGMEREN JAMIR,401951,50984
359,Indian National Congress,Koraput,SAPTAGIRI SANKAR ULAKA,471393,147744
360,Indian National Congress,Gurdaspur,SUKHJINDER SINGH RANDHAWA,364043,82861
361,Indian National Congress,Amritsar,GURJEET SINGH AUJLA,255181,40301
362,Indian National Congress,Jalandhar,CHARANJIT SINGH CHANNI,390053,175993
363,Indian National Congress,Ludhiana,AMRINDER SINGH RAJA WARRING,322224,20942
364,Indian National Congress,Fatehgarh Sahib,AMAR SINGH,332591,34202
365,Indian National Congress,Firozpur,SHER SINGH GHUBAYA,266626,3242
366,Indian National Congress,Patiala,DR DHARAMVIRA GANDHI,305616,14831
367,Indian National Congress,GANGANAGAR ,KULDEEP INDORA,726492,88153
368,Indian National Congress,CHURU,RAHUL KASWAN,728211,72737
369,Indian National Congress,JHUNJHUNU     ,BRIJENDRA SINGH OLA,553168,18235
370,Indian National Congress,BHARATPUR ,SANJNA JATAV,579890,51983
371,Indian National Congress,KARAULI-DHOLPUR ,BHAJAN LAL JATAV,530011,98945
372,Indian National Congress,DAUSA ,MURARI LAL MEENA,646266,237340
373,Indian National Congress,TONK-SAWAI MADHOPUR ,HARISH CHANDRA MEENA,623763,64949
374,Indian National Congress,BARMER,UMMEDA RAM BENIWAL,704676,118176
375,Indian National Congress,TIRUVALLUR,Sasikanth Senthil,796956,572155
376,Indian National Congress,KRISHNAGIRI,GOPINATH K,492883,192486
377,Indian National Congress,KARUR,JOTHIMANI. S,534906,166816
378,Indian National Congress,CUDDALORE,M.K. VISHNUPRASAD,455053,185896
379,Indian National Congress,MAYILADUTHURAI,SUDHA R,518459,271183
380,Indian National Congress,SIVAGANGA,KARTI P CHIDAMBARAM,427677,205664
381,Indian National Congress,VIRUDHUNAGAR,MANICKAM TAGORE B,385256,4379
382,Indian National Congress,TIRUNELVELI,ROBERT BRUCE C,502296,165620
383,Indian National Congress,KANNIYAKUMARI,VIJAYAKUMAR (Alias) VIJAY VASANTH,546248,179907
384,Indian National Congress,Saharanpur,IMRAN MASOOD,547967,64542
385,Indian National Congress,Sitapur,RAKESH RATHOR,531138,89641
386,Indian National Congress,Rae Bareli,RAHUL GANDHI,687649,390030
387,Indian National Congress,Amethi,KISHORI LAL,539228,167196
388,Indian National Congress,Allahabad,UJJWAL RAMAN SINGH,462145,58795
389,Indian National Congress,Barabanki,TANUJ PUNIA,719927,215704
390,Indian National Congress,Maldaha Dakshin,ISHA KHAN CHOUDHURY,572395,128368
391,Indian National Congress,KORBA,JYOTSNA CHARANDAS MAHANT,570182,43283
392,Indian National Congress,Khunti,KALI CHARAN MUNDA,511647,149675
393,Indian National Congress,Lohardaga,SUKHDEO BHAGAT,483038,139138
394,Indian National Congress,Peddapalle ,VAMSI KRISHNA GADDAM,475587,131364
395,Indian National Congress,Zahirabad,SURESH KUMAR SHETKAR,528418,46188
396,Indian National Congress,Nagarkurnool,DR.MALLU RAVI,465072,94414
397,Indian National Congress,Nalgonda,KUNDURU RAGHUVEER,784337,559905
398,Indian National Congress,Bhongir ,CHAMALA KIRAN KUMAR REDDY,629143,222170
399,Indian National Congress,Warangal,KADIYAM KAVYA,581294,220339
400,Indian National Congress,Mahabubabad  ,BALRAM NAIK PORIKA,612774,349165
401,Indian National Congress,Khammam ,RAMASAHAYAM RAGHURAM REDDY,766929,467847
402,Indian National Congress,Chandigarh,MANISH TEWARI,216657,2504
403,Indian National Congress,Lakshadweep,MUHAMMED HAMDULLAH SAYEED,25726,2647
404,Indian National Congress,PUDUCHERRY,VE VAITHILINGAM,426005,136516
405,Independent,Purnia,RAJESH RANJAN ALIAS PAPPU YADAV,567556,23847
406,Independent,Sangli,VISHAL (DADA) PRAKASHBAPU PATIL,571666,100053
407,Independent,Khadoor Sahib,AMRITPAL SINGH,404430,197120
408,Independent,Faridkot,SARABJEET SINGH KHALSA,298062,70053
409,Independent,Daman & Diu ,PATEL UMESHBHAI BABUBHAI,42523,6225
410,Independent,BARAMULLA,ABDUL RASHID SHEIKH,472481,204142
411,Independent,Ladakh,MOHMAD HANEEFA,65259,27862
412,Indian Union Muslim League,Malappuram,E.T.  MOHAMMED BASHEER,644006,300118
413,Indian Union Muslim League,Ponnani,DR. M.P ABDUSSAMAD SAMADANI,562516,235760
414,Indian Union Muslim League,RAMANATHAPURAM,NAVASKANI K,509664,166782
415,Janata Dal  (Secular),Mandya,H.D. KUMARASWAMY,851881,284620
416,Janata Dal  (Secular),Kolar,M. MALLESH BABU,691481,71388
417,Janata Dal  (United),Valmiki Nagar ,SUNIL KUMAR,523422,98675
418,Janata Dal  (United),Sheohar,LOVELY ANAND,476612,29143
419,Janata Dal  (United),Sitamarhi,DEVESH CHANDRA THAKUR,515719,51356
420,Janata Dal  (United),Jhanjharpur,RAMPRIT MANDAL,533032,184169
421,Janata Dal  (United),Supaul,DILESHWAR KAMAIT,595038,169803
422,Janata Dal  (United),Madhepura,DINESH CHANDRA YADAV,640649,174534
423,Janata Dal  (United),Gopalganj,DR. ALOK KUMAR SUMAN,511866,127180
424,Janata Dal  (United),Siwan,VIJAYLAKSHMI DEVI,386508,92857
425,Janata Dal  (United),Bhagalpur,AJAY KUMAR MANDAL,536031,104868
426,Janata Dal  (United),Banka,GIRIDHARI YADAV,506678,103844
427,Janata Dal  (United),Munger,RAJIV RANJAN SINGH ALIAS LALAN SINGH,550146,80870
428,Janata Dal  (United),Nalanda,KAUSHALENDRA KUMAR,559422,169114
429,Jammu & Kashmir National Conference,SRINAGAR,AGA SYED RUHULLAH MEHDI,356866,188416
430,Jammu & Kashmir National Conference,ANANTNAG-RAJOURI,MIAN ALTAF AHMAD,521836,281794
431,Jharkhand Mukti Morcha,Rajmahal,VIJAY KUMAR HANSDAK,613371,178264
432,Jharkhand Mukti Morcha,Dumka,NALIN SOREN,547370,22527
433,Jharkhand Mukti Morcha,Singhbhum,JOBA MAJHI,520164,168402
434,Janasena Party,Kakinada,TANGELLA UDAY SRINIVAS (TEA TIME UDAY),729699,229491
435,Janasena Party,Machilipatnam,BALASHOWRY VALLABHANENI,724439,223179
436,Kerala Congress,Kottayam,ADV K FRANCIS GEORGE,364631,87266
437,Marumalarchi Dravida Munnetra Kazhagam,TIRUCHIRAPPALLI,DURAI VAIKO,542213,313094
438,Nationalist Congress Party,Raigad,TATKARE SUNIL DATTATREY,508352,82784
439,Rashtriya Janata Dal,Patliputra,MISHA BHARTI,613283,85174
440,Rashtriya Janata Dal,Buxar,SUDHAKAR SINGH,438345,30091
441,Rashtriya Janata Dal,Jahanabad,SURENDRA PRASAD YADAV,443035,142591
442,Rashtriya Janata Dal,Aurangabad,ABHAY KUMAR SINHA,465567,79111
443,Rashtriya Lok Dal,Bijnor,CHANDAN CHAUHAN,404493,37508
444,Rashtriya Lok Dal,Baghpat,DR RAJKUMAR SANGWAN,488967,159459
445,Revolutionary Socialist Party,Kollam,N K PREMACHANDRAN,443628,150302
446,Shiromani Akali Dal,Bathinda,HARSIMRAT KAUR BADAL,376558,49656
447,Sikkim Krantikari Morcha,Sikkim,INDRA HANG SUBBA,164396,80830
448,Samajwadi Party,Kairana,IQRA CHOUDHARY,528013,69116
449,Samajwadi Party,Muzaffarnagar,HARENDRA SINGH MALIK,470721,24672
450,Samajwadi Party,Moradabad,RUCHI VIRA,637363,105762
451,Samajwadi Party,Rampur,MOHIBBULLAH,481503,87434
452,Samajwadi Party,Sambhal,ZIA UR REHMAN,571161,121494
453,Samajwadi Party,Firozabad,AKSHAYA YADAV,543037,89312
454,Samajwadi Party,Mainpuri,DIMPLE YADAV,598526,221639
455,Samajwadi Party,Etah,DEVESH SHAKYA,475808,28052
456,Samajwadi Party,Badaun,ADITYA YADAV,501855,34991
457,Samajwadi Party,Aonla,NEERAJ MAURYA,492515,15969
458,Samajwadi Party,Kheri,UTKARSH VERMA 'MADHUR',557365,34329
459,Samajwadi Party,Dhaurahra,ANAND BHADAURIYA,443743,4449
460,Samajwadi Party,Mohanlalganj,R.K. CHAUDHARY,667869,70292
461,Samajwadi Party,Sultanpur,RAMBHUAL NISHAD,444330,43174
462,Samajwadi Party,Pratapgarh,SHIV PAL SINGH PATEL (DR. S P SINGH),441932,66206
463,Samajwadi Party,Etawah,JITENDRA KUMAR DOHARE,490747,58419
464,Samajwadi Party,Kannauj,AKHILESH YADAV,642292,170922
465,Samajwadi Party,Jalaun,NARAYAN DAS AHIRWAR,530180,53898
466,Samajwadi Party,Hamirpur,AJENDRA SINGH LODHI,490683,2629
467,Samajwadi Party,Banda,KRISHNA DEVI SHIVSHANKER PATEL,406567,71210
468,Samajwadi Party,Fatehpur,NARESH CHANDRA UTTAM PATEL,500328,33199
469,Samajwadi Party,Kaushambi,PUSHPENDRA SAROJ,509787,103944
470,Samajwadi Party,Faizabad,AWADHESH PRASAD,554289,54567
471,Samajwadi Party,Ambedkar Nagar,LALJI VERMA,544959,137247
472,Samajwadi Party,Shrawasti,RAM SHIROMANI VERMA,511055,76673
473,Samajwadi Party,Basti,RAM PRASAD CHAUDHARY,527005,100994
474,Samajwadi Party,Sant Kabir Nagar,LAXMIKANT PAPPU NISHAD,498695,92170
475,Samajwadi Party,Lalganj,DAROGA PRASAD SAROJ,439959,115023
476,Samajwadi Party,Azamgarh,DHARMENDRA YADAV,508239,161035
477,Samajwadi Party,Ghosi,RAJEEV RAI,503131,162943
478,Samajwadi Party,Salempur,RAMASHANKAR RAJBHAR,405472,3573
479,Samajwadi Party,Ballia,SANATAN PANDEY,467068,43384
480,Samajwadi Party,Jaunpur,BABU SINGH KUSHWAHA,509130,99335
481,Samajwadi Party,Machhlishahr,PRIYA SAROJ,451292,35850
482,Samajwadi Party,Ghazipur,AFZAL ANSARI,539912,124861
483,Samajwadi Party,Chandauli,BIRENDRA SINGH,474476,21565
484,Samajwadi Party,Robertsganj,CHHOTELAL,465848,129234
485,Telugu Desam,Srikakulam,KINJARAPU RAMMOHAN NAIDU,754328,327901
486,Telugu Desam,Vizianagaram,APPALANAIDU KALISETTI,743113,249351
487,Telugu Desam,Visakhapatnam,SRIBHARAT MATHUKUMILI,907467,504247
488,Telugu Desam,Amalapuram (SC),G M HARISH (BALAYOGI),796981,342196
489,Telugu Desam,Eluru,PUTTA MAHESH KUMAR,746351,181857
490,Telugu Desam,Vijayawada,KESINENI SIVANATH (CHINNI),794154,282085
491,Telugu Desam,Guntur,DR CHANDRA SEKHAR PEMMASANI,864948,344695
492,Telugu Desam,Narsaraopet,LAVU SRIKRISHNA DEVARAYALU,807996,159729
493,Telugu Desam,Bapatla (SC),KRISHNA PRASAD TENNETI,717493,208031
494,Telugu Desam,Ongole,MAGUNTA SREENIVASULU REDDY,701894,50199
495,Telugu Desam,Nandyal,DR BYREDDY SHABARI,701131,111975
496,Telugu Desam,Kurnoolu,BASTIPATI NAGARAJU PANCHALINGALA,658914,111298
497,Telugu Desam,Ananthapur,AMBICA G LAKSHMINARAYANA VALMIKI,768245,188555
498,Telugu Desam,Hindupur,B K PARTHASARATHI,725534,132427
499,Telugu Desam,Nellore,PRABHAKAR REDDY VEMIREDDY,766202,245902
500,Telugu Desam,Chittoor(SC),DAGGUMALLA PRASADA RAO,778071,220479
501,Viduthalai Chiruthaigal Katchi,VILUPPURAM,RAVIKUMAR. D,477033,70703
502,Viduthalai Chiruthaigal Katchi,CHIDAMBARAM,THIRUMAAVALAVAN THOL,505084,103554
503,Yuvajana Sramika Rythu Congress Party,Araku (ST),GUMMA THANUJA RANI,477005,50580
504,Yuvajana Sramika Rythu Congress Party,Kadapa,Y. S. AVINASH REDDY,605143,62695
505,Yuvajana Sramika Rythu Congress Party,Thirupathi(SC),GURUMOORTHY MADDILA,632228,14569
506,Yuvajana Sramika Rythu Congress Party,Rajampet,P V MIDHUN REDDY,644844,76071
507,"United People’s Party, Liberal",Kokrajhar ,JOYANTA BASUMATARY,488995,51583
508,Apna Dal (Soneylal),Mirzapur,ANUPRIYA PATEL,471631,37810
509,Rashtriya Loktantrik Party,NAGAUR,HANUMAN BENIWAL,596955,42225
510,Zoram People’s Movement,MIZORAM,RICHARD VANLALHMANGAIHA,208552,68288
511,Aazad Samaj Party (Kanshi Ram),Nagina,CHANDRASHEKHAR,512552,151473
512,Lok Janshakti Party(Ram Vilas),Vaishali,VEENA DEVI,567043,89634
513,Lok Janshakti Party(Ram Vilas),Hajipur,CHIRAG PASWAN,615718,170105
514,Lok Janshakti Party(Ram Vilas),Samastipur,SHAMBHAVI,579786,187251
515,Lok Janshakti Party(Ram Vilas),Khagaria,RAJESH VERMA,538657,161131
516,Lok Janshakti Party(Ram Vilas),Jamui,ARUN BHARTI,509046,112482
517,Shiv Sena (Uddhav Balasaheb Thackrey),Yavatmal- Washim,SANJAY UTTAMRAO DESHMUKH,594807,94473
518,Shiv Sena (Uddhav Balasaheb Thackrey),Hingoli,AASHTIKAR PATIL NAGESH BAPURAO,492535,108602
519,Shiv Sena (Uddhav Balasaheb Thackrey),Parbhani,JADHAV SANJAY ( BANDU ) HARIBHAU,601343,134061
520,Shiv Sena (Uddhav Balasaheb Thackrey),Nashik,RAJABHAU (PARAG) PRAKASH WAJE,616729,162001
521,Shiv Sena (Uddhav Balasaheb Thackrey),Mumbai North East,SANJAY DINA PATIL,450937,29861
522,Shiv Sena (Uddhav Balasaheb Thackrey),Mumbai South Central,ANIL YESHWANT DESAI,395138,53384
523,Shiv Sena (Uddhav Balasaheb Thackrey),Mumbai South,ARVIND GANPAT SAWANT,395655,52673
524,Shiv Sena (Uddhav Balasaheb Thackrey),Shirdi ,BHAUSAHEB RAJARAM WAKCHAURE,476900,50529
525,Shiv Sena (Uddhav Balasaheb Thackrey),Osmanabad,OMPRAKASH BHUPALSINH ALIAS PAVAN RAJENIMBALKAR,748752,329846
526,Voice of the People Party,Shillong,DR. RICKY ANDREW J. SYNGKON,571078,371910
527,Bharat Adivasi Party,BANSWARA ,RAJ KUMAR ROAT,820831,247054
528,Shiv Sena,Buldhana,JADHAV PRATAPRAO GANPATRAO,349867,29479
529,Shiv Sena,Aurangabad,BHUMARE SANDIPANRAO ASARAM,476130,134650
530,Shiv Sena,Kalyan,DR SHRIKANT EKNATH SHINDE,589636,209144
531,Shiv Sena,Thane,NARESH GANPAT MHASKE,734231,217011
532,Shiv Sena,Mumbai North West,RAVINDRA DATTARAM WAIKAR,452644,48
533,Shiv Sena,Maval,SHRIRANG APPA CHANDU BARNE,692832,96615
534,Shiv Sena,Hatkanangale,DHAIRYASHEEL SAMBHAJIRAO MANE,520190,13426
535,Nationalist Congress Party – Sharadchandra Pawar,Wardha,AMAR SHARADRAO KALE,533106,81648
536,Nationalist Congress Party – Sharadchandra Pawar,Dindori ,BHASKAR MURLIDHAR BHAGARE,577339,113199
537,Nationalist Congress Party – Sharadchandra Pawar,Bhiwandi,BALYA MAMA - SURESH GOPINATH MHATRE,499464,66121
538,Nationalist Congress Party – Sharadchandra Pawar,Baramati,SUPRIYA SULE,732312,158333
539,Nationalist Congress Party – Sharadchandra Pawar,Shirur,DR. AMOL RAMSING KOLHE,698692,140951
540,Nationalist Congress Party – Sharadchandra Pawar,Ahmednagar,NILESH DNYANDEV LANKE,624797,28929
541,Nationalist Congress Party – Sharadchandra Pawar,Beed,BAJRANG MANOHAR SONWANE,683950,6553
542,Nationalist Congress Party – Sharadchandra Pawar,Madha,MOHITE-PATIL DHAIRYASHEEL RAJSINH,622213,120837
